INSERT INTO  Campaign(Description, IsActive, Title) VALUES('Description 0', 1, 'Title 2');
INSERT INTO  Campaign(Description, IsActive, Title) VALUES('Description 1', 1, 'Title 3');
INSERT INTO  Campaign(Description, IsActive, Title) VALUES('Description 2', 1, 'Title 4');
INSERT INTO  Character(Description, IsActive, Title) VALUES('Description 0', 1, 'Title 2');
INSERT INTO  Character(Description, IsActive, Title) VALUES('Description 1', 1, 'Title 3');
INSERT INTO  Character(Description, IsActive, Title) VALUES('Description 2', 1, 'Title 4');
INSERT INTO  DomainAction(Description, IsActive, Title, UsesAction, UsesBonusAction) VALUES('Description 0', 1, 'Title 2', 1, 1);
INSERT INTO  DomainAction(Description, IsActive, Title, UsesAction, UsesBonusAction) VALUES('Description 1', 1, 'Title 3', 1, 1);
INSERT INTO  DomainAction(Description, IsActive, Title, UsesAction, UsesBonusAction) VALUES('Description 2', 1, 'Title 4', 1, 1);
INSERT INTO  DomainCharacterStat(Description, IsActive, Title, UsesAction, UsesBonusAction) VALUES('Description 0', 1, 'Title 2', 1, 1);
INSERT INTO  DomainCharacterStat(Description, IsActive, Title, UsesAction, UsesBonusAction) VALUES('Description 1', 1, 'Title 3', 1, 1);
INSERT INTO  DomainCharacterStat(Description, IsActive, Title, UsesAction, UsesBonusAction) VALUES('Description 2', 1, 'Title 4', 1, 1);
INSERT INTO  DomainClass(Description, IsActive, Title) VALUES('Description 0', 1, 'Title 2');
INSERT INTO  DomainClass(Description, IsActive, Title) VALUES('Description 1', 1, 'Title 3');
INSERT INTO  DomainClass(Description, IsActive, Title) VALUES('Description 2', 1, 'Title 4');
INSERT INTO  DomainCondition(Description, IsActive, Title) VALUES('Description 0', 1, 'Title 2');
INSERT INTO  DomainCondition(Description, IsActive, Title) VALUES('Description 1', 1, 'Title 3');
INSERT INTO  DomainCondition(Description, IsActive, Title) VALUES('Description 2', 1, 'Title 4');
INSERT INTO  DomainCreatureType(Description, IsActive, Title) VALUES('Description 0', 1, 'Title 2');
INSERT INTO  DomainCreatureType(Description, IsActive, Title) VALUES('Description 1', 1, 'Title 3');
INSERT INTO  DomainCreatureType(Description, IsActive, Title) VALUES('Description 2', 1, 'Title 4');
INSERT INTO  DomainDamageType(Description, IsActive, Title) VALUES('Description 0', 1, 'Title 2');
INSERT INTO  DomainDamageType(Description, IsActive, Title) VALUES('Description 1', 1, 'Title 3');
INSERT INTO  DomainDamageType(Description, IsActive, Title) VALUES('Description 2', 1, 'Title 4');
INSERT INTO  DomainDice(Description, IsActive, Maximum, Minimum, Title) VALUES('Description 0', 1, 2.0, 3.0, 'Title 4');
INSERT INTO  DomainDice(Description, IsActive, Maximum, Minimum, Title) VALUES('Description 1', 1, 3.0, 4.0, 'Title 5');
INSERT INTO  DomainDice(Description, IsActive, Maximum, Minimum, Title) VALUES('Description 2', 1, 4.0, 5.0, 'Title 6');
INSERT INTO  DomainDiceRollType(Description, IsActive, Title) VALUES('Description 0', 1, 'Title 2');
INSERT INTO  DomainDiceRollType(Description, IsActive, Title) VALUES('Description 1', 1, 'Title 3');
INSERT INTO  DomainDiceRollType(Description, IsActive, Title) VALUES('Description 2', 1, 'Title 4');
INSERT INTO  DomainItem(CustomEffectText, Description, IsActive, OneHandedQuantifier, Title, TwoHandedQuantifier) VALUES('CustomEffectText 0', 'Description 1', 1, 3.0, 'Title 4', 5.0);
INSERT INTO  DomainItem(CustomEffectText, Description, IsActive, OneHandedQuantifier, Title, TwoHandedQuantifier) VALUES('CustomEffectText 1', 'Description 2', 1, 4.0, 'Title 5', 6.0);
INSERT INTO  DomainItem(CustomEffectText, Description, IsActive, OneHandedQuantifier, Title, TwoHandedQuantifier) VALUES('CustomEffectText 2', 'Description 3', 1, 5.0, 'Title 6', 7.0);
INSERT INTO  DomainSize(BaseHexArea, BaseTileArea, Description, IsActive, SizeOrder, Title) VALUES(0.0, 1.0, 'Description 2', 1, 4.0, 'Title 5');
INSERT INTO  DomainSize(BaseHexArea, BaseTileArea, Description, IsActive, SizeOrder, Title) VALUES(1.0, 2.0, 'Description 3', 1, 5.0, 'Title 6');
INSERT INTO  DomainSize(BaseHexArea, BaseTileArea, Description, IsActive, SizeOrder, Title) VALUES(2.0, 3.0, 'Description 4', 1, 6.0, 'Title 7');
INSERT INTO  DomainSpecies(Description, IsActive, Title) VALUES('Description 0', 1, 'Title 2');
INSERT INTO  DomainSpecies(Description, IsActive, Title) VALUES('Description 1', 1, 'Title 3');
INSERT INTO  DomainSpecies(Description, IsActive, Title) VALUES('Description 2', 1, 'Title 4');
INSERT INTO  DomainSpell(ConcentrationRequired, Description, HourCastTime, HourDuration, IsAction, IsActive, IsBonusAction, IsCantrip, IsMelee, IsRanged, IsRitual, Level, MaterialComponent, MinuteCastTime, RoundDuration, SomaticComponent, Title, VerbalComponent) VALUES(1, 'Description 1', 2.0, 3.0, 1, 1, 1, 1, 1, 1, 1, 11.0, 'MaterialComponent 12', 13.0, 14.0, 'SomaticComponent 15', 'Title 16', 'VerbalComponent 17');
INSERT INTO  DomainSpell(ConcentrationRequired, Description, HourCastTime, HourDuration, IsAction, IsActive, IsBonusAction, IsCantrip, IsMelee, IsRanged, IsRitual, Level, MaterialComponent, MinuteCastTime, RoundDuration, SomaticComponent, Title, VerbalComponent) VALUES(1, 'Description 2', 3.0, 4.0, 1, 1, 1, 1, 1, 1, 1, 12.0, 'MaterialComponent 13', 14.0, 15.0, 'SomaticComponent 16', 'Title 17', 'VerbalComponent 18');
INSERT INTO  DomainSpell(ConcentrationRequired, Description, HourCastTime, HourDuration, IsAction, IsActive, IsBonusAction, IsCantrip, IsMelee, IsRanged, IsRitual, Level, MaterialComponent, MinuteCastTime, RoundDuration, SomaticComponent, Title, VerbalComponent) VALUES(1, 'Description 3', 4.0, 5.0, 1, 1, 1, 1, 1, 1, 1, 13.0, 'MaterialComponent 14', 15.0, 16.0, 'SomaticComponent 17', 'Title 18', 'VerbalComponent 19');
INSERT INTO  DomainSpellSchool(Description, IsActive, Title) VALUES('Description 0', 1, 'Title 2');
INSERT INTO  DomainSpellSchool(Description, IsActive, Title) VALUES('Description 1', 1, 'Title 3');
INSERT INTO  DomainSpellSchool(Description, IsActive, Title) VALUES('Description 2', 1, 'Title 4');
INSERT INTO  DomainStaticEffect(Description, IsActive, Title) VALUES('Description 0', 1, 'Title 2');
INSERT INTO  DomainStaticEffect(Description, IsActive, Title) VALUES('Description 1', 1, 'Title 3');
INSERT INTO  DomainStaticEffect(Description, IsActive, Title) VALUES('Description 2', 1, 'Title 4');
INSERT INTO  DomainSubClass(Description, IsActive, Title) VALUES('Description 0', 1, 'Title 2');
INSERT INTO  DomainSubClass(Description, IsActive, Title) VALUES('Description 1', 1, 'Title 3');
INSERT INTO  DomainSubClass(Description, IsActive, Title) VALUES('Description 2', 1, 'Title 4');
INSERT INTO  Quantifier(Delta, Description, ImpactsSelf, IntoInventory, IsAction, IsActive, IsBonusAction, Level1SpellSlots, Level2SpellSlots, Level3SpellSlots, Level4SpellSlots, Level5SpellSlots, Level6SpellSlots, Level7SpellSlots, Level8SpellSlots, Level9SpellSlots, LevelMaximumRequirement, LevelMinimumRequirement, Quantity, RefreshOnLongRest, RefreshOnShortRest, Title, UntilLongRest, UntilShortRest) VALUES(0.0, 'Description 1', 1, 1, 1, 1, 1, 7.0, 8.0, 9.0, 10.0, 11.0, 12.0, 13.0, 14.0, 15.0, 16.0, 17.0, 18.0, 1, 1, 'Title 21', 1, 1);
INSERT INTO  Quantifier(Delta, Description, ImpactsSelf, IntoInventory, IsAction, IsActive, IsBonusAction, Level1SpellSlots, Level2SpellSlots, Level3SpellSlots, Level4SpellSlots, Level5SpellSlots, Level6SpellSlots, Level7SpellSlots, Level8SpellSlots, Level9SpellSlots, LevelMaximumRequirement, LevelMinimumRequirement, Quantity, RefreshOnLongRest, RefreshOnShortRest, Title, UntilLongRest, UntilShortRest) VALUES(1.0, 'Description 2', 1, 1, 1, 1, 1, 8.0, 9.0, 10.0, 11.0, 12.0, 13.0, 14.0, 15.0, 16.0, 17.0, 18.0, 19.0, 1, 1, 'Title 22', 1, 1);
INSERT INTO  Quantifier(Delta, Description, ImpactsSelf, IntoInventory, IsAction, IsActive, IsBonusAction, Level1SpellSlots, Level2SpellSlots, Level3SpellSlots, Level4SpellSlots, Level5SpellSlots, Level6SpellSlots, Level7SpellSlots, Level8SpellSlots, Level9SpellSlots, LevelMaximumRequirement, LevelMinimumRequirement, Quantity, RefreshOnLongRest, RefreshOnShortRest, Title, UntilLongRest, UntilShortRest) VALUES(2.0, 'Description 3', 1, 1, 1, 1, 1, 9.0, 10.0, 11.0, 12.0, 13.0, 14.0, 15.0, 16.0, 17.0, 18.0, 19.0, 20.0, 1, 1, 'Title 23', 1, 1);
