INSERT INTO  Campaign(AbbreviatedTitle, CreatedAt, Description, IsActive, Notes, Title, UpdatedAt) VALUES('AbbreviatedTitle 0', 'CreatedAt 0', 'Description 0', 1, 'Notes 0', 'Title 0', 'UpdatedAt 0');
INSERT INTO  Campaign(AbbreviatedTitle, CreatedAt, Description, IsActive, Notes, Title, UpdatedAt) VALUES('AbbreviatedTitle 1', 'CreatedAt 1', 'Description 1', 1, 'Notes 1', 'Title 1', 'UpdatedAt 1');
INSERT INTO  Campaign(AbbreviatedTitle, CreatedAt, Description, IsActive, Notes, Title, UpdatedAt) VALUES('AbbreviatedTitle 2', 'CreatedAt 2', 'Description 2', 1, 'Notes 2', 'Title 2', 'UpdatedAt 2');
INSERT INTO  Campaign(AbbreviatedTitle, CreatedAt, Description, IsActive, Notes, Title, UpdatedAt) VALUES('AbbreviatedTitle 3', 'CreatedAt 3', 'Description 3', 1, 'Notes 3', 'Title 3', 'UpdatedAt 3');
INSERT INTO  Campaign(AbbreviatedTitle, CreatedAt, Description, IsActive, Notes, Title, UpdatedAt) VALUES('AbbreviatedTitle 4', 'CreatedAt 4', 'Description 4', 1, 'Notes 4', 'Title 4', 'UpdatedAt 4');
INSERT INTO  Campaign(AbbreviatedTitle, CreatedAt, Description, IsActive, Notes, Title, UpdatedAt) VALUES('AbbreviatedTitle 5', 'CreatedAt 5', 'Description 5', 1, 'Notes 5', 'Title 5', 'UpdatedAt 5');
INSERT INTO  Character(AbbreviatedTitle, CreatedAt, Description, IsActive, Title, UpdatedAt, Campaign__Campaign, CurrentSize__DomainSize, Species__DomainSpecies) VALUES('AbbreviatedTitle 0', 'CreatedAt 0', 'Description 0', 1, 'Title 0', 'UpdatedAt 0', 1, 1, 1);
INSERT INTO  Character(AbbreviatedTitle, CreatedAt, Description, IsActive, Title, UpdatedAt, Campaign__Campaign, CurrentSize__DomainSize, Species__DomainSpecies) VALUES('AbbreviatedTitle 1', 'CreatedAt 1', 'Description 1', 1, 'Title 1', 'UpdatedAt 1', 1, 1, 1);
INSERT INTO  Character(AbbreviatedTitle, CreatedAt, Description, IsActive, Title, UpdatedAt, Campaign__Campaign, CurrentSize__DomainSize, Species__DomainSpecies) VALUES('AbbreviatedTitle 2', 'CreatedAt 2', 'Description 2', 1, 'Title 2', 'UpdatedAt 2', 1, 1, 1);
INSERT INTO  Character(AbbreviatedTitle, CreatedAt, Description, IsActive, Title, UpdatedAt, Campaign__Campaign, CurrentSize__DomainSize, Species__DomainSpecies) VALUES('AbbreviatedTitle 3', 'CreatedAt 3', 'Description 3', 1, 'Title 3', 'UpdatedAt 3', 1, 1, 1);
INSERT INTO  Character(AbbreviatedTitle, CreatedAt, Description, IsActive, Title, UpdatedAt, Campaign__Campaign, CurrentSize__DomainSize, Species__DomainSpecies) VALUES('AbbreviatedTitle 4', 'CreatedAt 4', 'Description 4', 1, 'Title 4', 'UpdatedAt 4', 1, 1, 1);
INSERT INTO  Character(AbbreviatedTitle, CreatedAt, Description, IsActive, Title, UpdatedAt, Campaign__Campaign, CurrentSize__DomainSize, Species__DomainSpecies) VALUES('AbbreviatedTitle 5', 'CreatedAt 5', 'Description 5', 1, 'Title 5', 'UpdatedAt 5', 1, 1, 1);
INSERT INTO  CharacterDomainCharacterStatInstance(AbbreviatedTitle, CreatedAt, Description, IsActive, Title, UpdatedAt, Value, Character__Character, Stat__DomainCharacterStat) VALUES('AbbreviatedTitle 0', 'CreatedAt 0', 'Description 0', 1, 'Title 0', 'UpdatedAt 0', 0.0, 1, 1);
INSERT INTO  CharacterDomainCharacterStatInstance(AbbreviatedTitle, CreatedAt, Description, IsActive, Title, UpdatedAt, Value, Character__Character, Stat__DomainCharacterStat) VALUES('AbbreviatedTitle 1', 'CreatedAt 1', 'Description 1', 1, 'Title 1', 'UpdatedAt 1', 1.0, 1, 1);
INSERT INTO  CharacterDomainCharacterStatInstance(AbbreviatedTitle, CreatedAt, Description, IsActive, Title, UpdatedAt, Value, Character__Character, Stat__DomainCharacterStat) VALUES('AbbreviatedTitle 2', 'CreatedAt 2', 'Description 2', 1, 'Title 2', 'UpdatedAt 2', 2.0, 1, 1);
INSERT INTO  CharacterDomainCharacterStatInstance(AbbreviatedTitle, CreatedAt, Description, IsActive, Title, UpdatedAt, Value, Character__Character, Stat__DomainCharacterStat) VALUES('AbbreviatedTitle 3', 'CreatedAt 3', 'Description 3', 1, 'Title 3', 'UpdatedAt 3', 3.0, 1, 1);
INSERT INTO  CharacterDomainCharacterStatInstance(AbbreviatedTitle, CreatedAt, Description, IsActive, Title, UpdatedAt, Value, Character__Character, Stat__DomainCharacterStat) VALUES('AbbreviatedTitle 4', 'CreatedAt 4', 'Description 4', 1, 'Title 4', 'UpdatedAt 4', 4.0, 1, 1);
INSERT INTO  CharacterDomainCharacterStatInstance(AbbreviatedTitle, CreatedAt, Description, IsActive, Title, UpdatedAt, Value, Character__Character, Stat__DomainCharacterStat) VALUES('AbbreviatedTitle 5', 'CreatedAt 5', 'Description 5', 1, 'Title 5', 'UpdatedAt 5', 5.0, 1, 1);
INSERT INTO  CharacterDomainConditionInstance(AbbreviatedTitle, CreatedAt, Description, IsActive, Source, Target, Title, UpdatedAt, Character__Character, Condition__DomainCondition) VALUES('AbbreviatedTitle 0', 'CreatedAt 0', 'Description 0', 1, 'Source 0', 'Target 0', 'Title 0', 'UpdatedAt 0', 1, 1);
INSERT INTO  CharacterDomainConditionInstance(AbbreviatedTitle, CreatedAt, Description, IsActive, Source, Target, Title, UpdatedAt, Character__Character, Condition__DomainCondition) VALUES('AbbreviatedTitle 1', 'CreatedAt 1', 'Description 1', 1, 'Source 1', 'Target 1', 'Title 1', 'UpdatedAt 1', 1, 1);
INSERT INTO  CharacterDomainConditionInstance(AbbreviatedTitle, CreatedAt, Description, IsActive, Source, Target, Title, UpdatedAt, Character__Character, Condition__DomainCondition) VALUES('AbbreviatedTitle 2', 'CreatedAt 2', 'Description 2', 1, 'Source 2', 'Target 2', 'Title 2', 'UpdatedAt 2', 1, 1);
INSERT INTO  CharacterDomainConditionInstance(AbbreviatedTitle, CreatedAt, Description, IsActive, Source, Target, Title, UpdatedAt, Character__Character, Condition__DomainCondition) VALUES('AbbreviatedTitle 3', 'CreatedAt 3', 'Description 3', 1, 'Source 3', 'Target 3', 'Title 3', 'UpdatedAt 3', 1, 1);
INSERT INTO  CharacterDomainConditionInstance(AbbreviatedTitle, CreatedAt, Description, IsActive, Source, Target, Title, UpdatedAt, Character__Character, Condition__DomainCondition) VALUES('AbbreviatedTitle 4', 'CreatedAt 4', 'Description 4', 1, 'Source 4', 'Target 4', 'Title 4', 'UpdatedAt 4', 1, 1);
INSERT INTO  CharacterDomainConditionInstance(AbbreviatedTitle, CreatedAt, Description, IsActive, Source, Target, Title, UpdatedAt, Character__Character, Condition__DomainCondition) VALUES('AbbreviatedTitle 5', 'CreatedAt 5', 'Description 5', 1, 'Source 5', 'Target 5', 'Title 5', 'UpdatedAt 5', 1, 1);
INSERT INTO  CharacterDomainSubClassInstance(AbbreviatedTitle, CreatedAt, Description, IsActive, Level, Title, UpdatedAt, Character__Character, SubClass__DomainSubClass) VALUES('AbbreviatedTitle 0', 'CreatedAt 0', 'Description 0', 1, 0.0, 'Title 0', 'UpdatedAt 0', 1, 1);
INSERT INTO  CharacterDomainSubClassInstance(AbbreviatedTitle, CreatedAt, Description, IsActive, Level, Title, UpdatedAt, Character__Character, SubClass__DomainSubClass) VALUES('AbbreviatedTitle 1', 'CreatedAt 1', 'Description 1', 1, 1.0, 'Title 1', 'UpdatedAt 1', 1, 1);
INSERT INTO  CharacterDomainSubClassInstance(AbbreviatedTitle, CreatedAt, Description, IsActive, Level, Title, UpdatedAt, Character__Character, SubClass__DomainSubClass) VALUES('AbbreviatedTitle 2', 'CreatedAt 2', 'Description 2', 1, 2.0, 'Title 2', 'UpdatedAt 2', 1, 1);
INSERT INTO  CharacterDomainSubClassInstance(AbbreviatedTitle, CreatedAt, Description, IsActive, Level, Title, UpdatedAt, Character__Character, SubClass__DomainSubClass) VALUES('AbbreviatedTitle 3', 'CreatedAt 3', 'Description 3', 1, 3.0, 'Title 3', 'UpdatedAt 3', 1, 1);
INSERT INTO  CharacterDomainSubClassInstance(AbbreviatedTitle, CreatedAt, Description, IsActive, Level, Title, UpdatedAt, Character__Character, SubClass__DomainSubClass) VALUES('AbbreviatedTitle 4', 'CreatedAt 4', 'Description 4', 1, 4.0, 'Title 4', 'UpdatedAt 4', 1, 1);
INSERT INTO  CharacterDomainSubClassInstance(AbbreviatedTitle, CreatedAt, Description, IsActive, Level, Title, UpdatedAt, Character__Character, SubClass__DomainSubClass) VALUES('AbbreviatedTitle 5', 'CreatedAt 5', 'Description 5', 1, 5.0, 'Title 5', 'UpdatedAt 5', 1, 1);
INSERT INTO  ClassPrimaryAbility(AbbreviatedTitle, CreatedAt, Description, IsActive, Title, UpdatedAt, Class__DomainClass, Stat__DomainCharacterStat) VALUES('AbbreviatedTitle 0', 'CreatedAt 0', 'Description 0', 1, 'Title 0', 'UpdatedAt 0', 1, 1);
INSERT INTO  ClassPrimaryAbility(AbbreviatedTitle, CreatedAt, Description, IsActive, Title, UpdatedAt, Class__DomainClass, Stat__DomainCharacterStat) VALUES('AbbreviatedTitle 1', 'CreatedAt 1', 'Description 1', 1, 'Title 1', 'UpdatedAt 1', 1, 1);
INSERT INTO  ClassPrimaryAbility(AbbreviatedTitle, CreatedAt, Description, IsActive, Title, UpdatedAt, Class__DomainClass, Stat__DomainCharacterStat) VALUES('AbbreviatedTitle 2', 'CreatedAt 2', 'Description 2', 1, 'Title 2', 'UpdatedAt 2', 1, 1);
INSERT INTO  ClassPrimaryAbility(AbbreviatedTitle, CreatedAt, Description, IsActive, Title, UpdatedAt, Class__DomainClass, Stat__DomainCharacterStat) VALUES('AbbreviatedTitle 3', 'CreatedAt 3', 'Description 3', 1, 'Title 3', 'UpdatedAt 3', 1, 1);
INSERT INTO  ClassPrimaryAbility(AbbreviatedTitle, CreatedAt, Description, IsActive, Title, UpdatedAt, Class__DomainClass, Stat__DomainCharacterStat) VALUES('AbbreviatedTitle 4', 'CreatedAt 4', 'Description 4', 1, 'Title 4', 'UpdatedAt 4', 1, 1);
INSERT INTO  ClassPrimaryAbility(AbbreviatedTitle, CreatedAt, Description, IsActive, Title, UpdatedAt, Class__DomainClass, Stat__DomainCharacterStat) VALUES('AbbreviatedTitle 5', 'CreatedAt 5', 'Description 5', 1, 'Title 5', 'UpdatedAt 5', 1, 1);
INSERT INTO  ClassSave(AbbreviatedTitle, CreatedAt, Description, IsActive, Title, UpdatedAt, Class__DomainClass, Stat__DomainCharacterStat) VALUES('AbbreviatedTitle 0', 'CreatedAt 0', 'Description 0', 1, 'Title 0', 'UpdatedAt 0', 1, 1);
INSERT INTO  ClassSave(AbbreviatedTitle, CreatedAt, Description, IsActive, Title, UpdatedAt, Class__DomainClass, Stat__DomainCharacterStat) VALUES('AbbreviatedTitle 1', 'CreatedAt 1', 'Description 1', 1, 'Title 1', 'UpdatedAt 1', 1, 1);
INSERT INTO  ClassSave(AbbreviatedTitle, CreatedAt, Description, IsActive, Title, UpdatedAt, Class__DomainClass, Stat__DomainCharacterStat) VALUES('AbbreviatedTitle 2', 'CreatedAt 2', 'Description 2', 1, 'Title 2', 'UpdatedAt 2', 1, 1);
INSERT INTO  ClassSave(AbbreviatedTitle, CreatedAt, Description, IsActive, Title, UpdatedAt, Class__DomainClass, Stat__DomainCharacterStat) VALUES('AbbreviatedTitle 3', 'CreatedAt 3', 'Description 3', 1, 'Title 3', 'UpdatedAt 3', 1, 1);
INSERT INTO  ClassSave(AbbreviatedTitle, CreatedAt, Description, IsActive, Title, UpdatedAt, Class__DomainClass, Stat__DomainCharacterStat) VALUES('AbbreviatedTitle 4', 'CreatedAt 4', 'Description 4', 1, 'Title 4', 'UpdatedAt 4', 1, 1);
INSERT INTO  ClassSave(AbbreviatedTitle, CreatedAt, Description, IsActive, Title, UpdatedAt, Class__DomainClass, Stat__DomainCharacterStat) VALUES('AbbreviatedTitle 5', 'CreatedAt 5', 'Description 5', 1, 'Title 5', 'UpdatedAt 5', 1, 1);
INSERT INTO  ClassSpell(AbbreviatedTitle, CreatedAt, Description, IsActive, Title, UpdatedAt, Class__DomainClass, Spell__DomainSpell) VALUES('AbbreviatedTitle 0', 'CreatedAt 0', 'Description 0', 1, 'Title 0', 'UpdatedAt 0', 1, 1);
INSERT INTO  ClassSpell(AbbreviatedTitle, CreatedAt, Description, IsActive, Title, UpdatedAt, Class__DomainClass, Spell__DomainSpell) VALUES('AbbreviatedTitle 1', 'CreatedAt 1', 'Description 1', 1, 'Title 1', 'UpdatedAt 1', 1, 1);
INSERT INTO  ClassSpell(AbbreviatedTitle, CreatedAt, Description, IsActive, Title, UpdatedAt, Class__DomainClass, Spell__DomainSpell) VALUES('AbbreviatedTitle 2', 'CreatedAt 2', 'Description 2', 1, 'Title 2', 'UpdatedAt 2', 1, 1);
INSERT INTO  ClassSpell(AbbreviatedTitle, CreatedAt, Description, IsActive, Title, UpdatedAt, Class__DomainClass, Spell__DomainSpell) VALUES('AbbreviatedTitle 3', 'CreatedAt 3', 'Description 3', 1, 'Title 3', 'UpdatedAt 3', 1, 1);
INSERT INTO  ClassSpell(AbbreviatedTitle, CreatedAt, Description, IsActive, Title, UpdatedAt, Class__DomainClass, Spell__DomainSpell) VALUES('AbbreviatedTitle 4', 'CreatedAt 4', 'Description 4', 1, 'Title 4', 'UpdatedAt 4', 1, 1);
INSERT INTO  ClassSpell(AbbreviatedTitle, CreatedAt, Description, IsActive, Title, UpdatedAt, Class__DomainClass, Spell__DomainSpell) VALUES('AbbreviatedTitle 5', 'CreatedAt 5', 'Description 5', 1, 'Title 5', 'UpdatedAt 5', 1, 1);
INSERT INTO  DomainAction(AbbreviatedTitle, CreatedAt, Description, IsActive, Title, UpdatedAt) VALUES('AbbreviatedTitle 0', 'CreatedAt 0', 'Description 0', 1, 'Title 0', 'UpdatedAt 0');
INSERT INTO  DomainAction(AbbreviatedTitle, CreatedAt, Description, IsActive, Title, UpdatedAt) VALUES('AbbreviatedTitle 1', 'CreatedAt 1', 'Description 1', 1, 'Title 1', 'UpdatedAt 1');
INSERT INTO  DomainAction(AbbreviatedTitle, CreatedAt, Description, IsActive, Title, UpdatedAt) VALUES('AbbreviatedTitle 2', 'CreatedAt 2', 'Description 2', 1, 'Title 2', 'UpdatedAt 2');
INSERT INTO  DomainAction(AbbreviatedTitle, CreatedAt, Description, IsActive, Title, UpdatedAt) VALUES('AbbreviatedTitle 3', 'CreatedAt 3', 'Description 3', 1, 'Title 3', 'UpdatedAt 3');
INSERT INTO  DomainAction(AbbreviatedTitle, CreatedAt, Description, IsActive, Title, UpdatedAt) VALUES('AbbreviatedTitle 4', 'CreatedAt 4', 'Description 4', 1, 'Title 4', 'UpdatedAt 4');
INSERT INTO  DomainAction(AbbreviatedTitle, CreatedAt, Description, IsActive, Title, UpdatedAt) VALUES('AbbreviatedTitle 5', 'CreatedAt 5', 'Description 5', 1, 'Title 5', 'UpdatedAt 5');
INSERT INTO  DomainCharacterStat(AbbreviatedTitle, CreatedAt, Description, IsActive, IsBaseStat, Title, UpdatedAt) VALUES('AbbreviatedTitle 0', 'CreatedAt 0', 'Description 0', 1, 1, 'Title 0', 'UpdatedAt 0');
INSERT INTO  DomainCharacterStat(AbbreviatedTitle, CreatedAt, Description, IsActive, IsBaseStat, Title, UpdatedAt) VALUES('AbbreviatedTitle 1', 'CreatedAt 1', 'Description 1', 1, 1, 'Title 1', 'UpdatedAt 1');
INSERT INTO  DomainCharacterStat(AbbreviatedTitle, CreatedAt, Description, IsActive, IsBaseStat, Title, UpdatedAt) VALUES('AbbreviatedTitle 2', 'CreatedAt 2', 'Description 2', 1, 1, 'Title 2', 'UpdatedAt 2');
INSERT INTO  DomainCharacterStat(AbbreviatedTitle, CreatedAt, Description, IsActive, IsBaseStat, Title, UpdatedAt) VALUES('AbbreviatedTitle 3', 'CreatedAt 3', 'Description 3', 1, 1, 'Title 3', 'UpdatedAt 3');
INSERT INTO  DomainCharacterStat(AbbreviatedTitle, CreatedAt, Description, IsActive, IsBaseStat, Title, UpdatedAt) VALUES('AbbreviatedTitle 4', 'CreatedAt 4', 'Description 4', 1, 1, 'Title 4', 'UpdatedAt 4');
INSERT INTO  DomainCharacterStat(AbbreviatedTitle, CreatedAt, Description, IsActive, IsBaseStat, Title, UpdatedAt) VALUES('AbbreviatedTitle 5', 'CreatedAt 5', 'Description 5', 1, 1, 'Title 5', 'UpdatedAt 5');
INSERT INTO  DomainClass(AbbreviatedTitle, CreatedAt, Description, IsActive, Title, UpdatedAt, HitDie__DomainDice, SpellcastingStat__DomainCharacterStat) VALUES('AbbreviatedTitle 0', 'CreatedAt 0', 'Description 0', 1, 'Title 0', 'UpdatedAt 0', 1, 1);
INSERT INTO  DomainClass(AbbreviatedTitle, CreatedAt, Description, IsActive, Title, UpdatedAt, HitDie__DomainDice, SpellcastingStat__DomainCharacterStat) VALUES('AbbreviatedTitle 1', 'CreatedAt 1', 'Description 1', 1, 'Title 1', 'UpdatedAt 1', 1, 1);
INSERT INTO  DomainClass(AbbreviatedTitle, CreatedAt, Description, IsActive, Title, UpdatedAt, HitDie__DomainDice, SpellcastingStat__DomainCharacterStat) VALUES('AbbreviatedTitle 2', 'CreatedAt 2', 'Description 2', 1, 'Title 2', 'UpdatedAt 2', 1, 1);
INSERT INTO  DomainClass(AbbreviatedTitle, CreatedAt, Description, IsActive, Title, UpdatedAt, HitDie__DomainDice, SpellcastingStat__DomainCharacterStat) VALUES('AbbreviatedTitle 3', 'CreatedAt 3', 'Description 3', 1, 'Title 3', 'UpdatedAt 3', 1, 1);
INSERT INTO  DomainClass(AbbreviatedTitle, CreatedAt, Description, IsActive, Title, UpdatedAt, HitDie__DomainDice, SpellcastingStat__DomainCharacterStat) VALUES('AbbreviatedTitle 4', 'CreatedAt 4', 'Description 4', 1, 'Title 4', 'UpdatedAt 4', 1, 1);
INSERT INTO  DomainClass(AbbreviatedTitle, CreatedAt, Description, IsActive, Title, UpdatedAt, HitDie__DomainDice, SpellcastingStat__DomainCharacterStat) VALUES('AbbreviatedTitle 5', 'CreatedAt 5', 'Description 5', 1, 'Title 5', 'UpdatedAt 5', 1, 1);
INSERT INTO  DomainClassResource(AbbreviatedTitle, CreatedAt, Description, IsActive, Title, UpdatedAt, Parent__DomainClass, Parent__DomainSubClass) VALUES('AbbreviatedTitle 0', 'CreatedAt 0', 'Description 0', 1, 'Title 0', 'UpdatedAt 0', 1, 1);
INSERT INTO  DomainClassResource(AbbreviatedTitle, CreatedAt, Description, IsActive, Title, UpdatedAt, Parent__DomainClass, Parent__DomainSubClass) VALUES('AbbreviatedTitle 1', 'CreatedAt 1', 'Description 1', 1, 'Title 1', 'UpdatedAt 1', 1, 1);
INSERT INTO  DomainClassResource(AbbreviatedTitle, CreatedAt, Description, IsActive, Title, UpdatedAt, Parent__DomainClass, Parent__DomainSubClass) VALUES('AbbreviatedTitle 2', 'CreatedAt 2', 'Description 2', 1, 'Title 2', 'UpdatedAt 2', 1, 1);
INSERT INTO  DomainClassResource(AbbreviatedTitle, CreatedAt, Description, IsActive, Title, UpdatedAt, Parent__DomainClass, Parent__DomainSubClass) VALUES('AbbreviatedTitle 3', 'CreatedAt 3', 'Description 3', 1, 'Title 3', 'UpdatedAt 3', 1, 1);
INSERT INTO  DomainClassResource(AbbreviatedTitle, CreatedAt, Description, IsActive, Title, UpdatedAt, Parent__DomainClass, Parent__DomainSubClass) VALUES('AbbreviatedTitle 4', 'CreatedAt 4', 'Description 4', 1, 'Title 4', 'UpdatedAt 4', 1, 1);
INSERT INTO  DomainClassResource(AbbreviatedTitle, CreatedAt, Description, IsActive, Title, UpdatedAt, Parent__DomainClass, Parent__DomainSubClass) VALUES('AbbreviatedTitle 5', 'CreatedAt 5', 'Description 5', 1, 'Title 5', 'UpdatedAt 5', 1, 1);
INSERT INTO  DomainClassTrait(AbbreviatedTitle, CreatedAt, Description, IsActive, Title, UpdatedAt, Class__DomainClass, SubClass__DomainSubClass) VALUES('AbbreviatedTitle 0', 'CreatedAt 0', 'Description 0', 1, 'Title 0', 'UpdatedAt 0', 1, 1);
INSERT INTO  DomainClassTrait(AbbreviatedTitle, CreatedAt, Description, IsActive, Title, UpdatedAt, Class__DomainClass, SubClass__DomainSubClass) VALUES('AbbreviatedTitle 1', 'CreatedAt 1', 'Description 1', 1, 'Title 1', 'UpdatedAt 1', 1, 1);
INSERT INTO  DomainClassTrait(AbbreviatedTitle, CreatedAt, Description, IsActive, Title, UpdatedAt, Class__DomainClass, SubClass__DomainSubClass) VALUES('AbbreviatedTitle 2', 'CreatedAt 2', 'Description 2', 1, 'Title 2', 'UpdatedAt 2', 1, 1);
INSERT INTO  DomainClassTrait(AbbreviatedTitle, CreatedAt, Description, IsActive, Title, UpdatedAt, Class__DomainClass, SubClass__DomainSubClass) VALUES('AbbreviatedTitle 3', 'CreatedAt 3', 'Description 3', 1, 'Title 3', 'UpdatedAt 3', 1, 1);
INSERT INTO  DomainClassTrait(AbbreviatedTitle, CreatedAt, Description, IsActive, Title, UpdatedAt, Class__DomainClass, SubClass__DomainSubClass) VALUES('AbbreviatedTitle 4', 'CreatedAt 4', 'Description 4', 1, 'Title 4', 'UpdatedAt 4', 1, 1);
INSERT INTO  DomainClassTrait(AbbreviatedTitle, CreatedAt, Description, IsActive, Title, UpdatedAt, Class__DomainClass, SubClass__DomainSubClass) VALUES('AbbreviatedTitle 5', 'CreatedAt 5', 'Description 5', 1, 'Title 5', 'UpdatedAt 5', 1, 1);
INSERT INTO  DomainCondition(AbbreviatedTitle, CreatedAt, Description, IsActive, Title, UpdatedAt) VALUES('AbbreviatedTitle 0', 'CreatedAt 0', 'Description 0', 1, 'Title 0', 'UpdatedAt 0');
INSERT INTO  DomainCondition(AbbreviatedTitle, CreatedAt, Description, IsActive, Title, UpdatedAt) VALUES('AbbreviatedTitle 1', 'CreatedAt 1', 'Description 1', 1, 'Title 1', 'UpdatedAt 1');
INSERT INTO  DomainCondition(AbbreviatedTitle, CreatedAt, Description, IsActive, Title, UpdatedAt) VALUES('AbbreviatedTitle 2', 'CreatedAt 2', 'Description 2', 1, 'Title 2', 'UpdatedAt 2');
INSERT INTO  DomainCondition(AbbreviatedTitle, CreatedAt, Description, IsActive, Title, UpdatedAt) VALUES('AbbreviatedTitle 3', 'CreatedAt 3', 'Description 3', 1, 'Title 3', 'UpdatedAt 3');
INSERT INTO  DomainCondition(AbbreviatedTitle, CreatedAt, Description, IsActive, Title, UpdatedAt) VALUES('AbbreviatedTitle 4', 'CreatedAt 4', 'Description 4', 1, 'Title 4', 'UpdatedAt 4');
INSERT INTO  DomainCondition(AbbreviatedTitle, CreatedAt, Description, IsActive, Title, UpdatedAt) VALUES('AbbreviatedTitle 5', 'CreatedAt 5', 'Description 5', 1, 'Title 5', 'UpdatedAt 5');
INSERT INTO  DomainCreatureType(AbbreviatedTitle, CreatedAt, Description, IsActive, Title, UpdatedAt) VALUES('AbbreviatedTitle 0', 'CreatedAt 0', 'Description 0', 1, 'Title 0', 'UpdatedAt 0');
INSERT INTO  DomainCreatureType(AbbreviatedTitle, CreatedAt, Description, IsActive, Title, UpdatedAt) VALUES('AbbreviatedTitle 1', 'CreatedAt 1', 'Description 1', 1, 'Title 1', 'UpdatedAt 1');
INSERT INTO  DomainCreatureType(AbbreviatedTitle, CreatedAt, Description, IsActive, Title, UpdatedAt) VALUES('AbbreviatedTitle 2', 'CreatedAt 2', 'Description 2', 1, 'Title 2', 'UpdatedAt 2');
INSERT INTO  DomainCreatureType(AbbreviatedTitle, CreatedAt, Description, IsActive, Title, UpdatedAt) VALUES('AbbreviatedTitle 3', 'CreatedAt 3', 'Description 3', 1, 'Title 3', 'UpdatedAt 3');
INSERT INTO  DomainCreatureType(AbbreviatedTitle, CreatedAt, Description, IsActive, Title, UpdatedAt) VALUES('AbbreviatedTitle 4', 'CreatedAt 4', 'Description 4', 1, 'Title 4', 'UpdatedAt 4');
INSERT INTO  DomainCreatureType(AbbreviatedTitle, CreatedAt, Description, IsActive, Title, UpdatedAt) VALUES('AbbreviatedTitle 5', 'CreatedAt 5', 'Description 5', 1, 'Title 5', 'UpdatedAt 5');
INSERT INTO  DomainDamageType(AbbreviatedTitle, CreatedAt, Description, IsActive, Title, UpdatedAt) VALUES('AbbreviatedTitle 0', 'CreatedAt 0', 'Description 0', 1, 'Title 0', 'UpdatedAt 0');
INSERT INTO  DomainDamageType(AbbreviatedTitle, CreatedAt, Description, IsActive, Title, UpdatedAt) VALUES('AbbreviatedTitle 1', 'CreatedAt 1', 'Description 1', 1, 'Title 1', 'UpdatedAt 1');
INSERT INTO  DomainDamageType(AbbreviatedTitle, CreatedAt, Description, IsActive, Title, UpdatedAt) VALUES('AbbreviatedTitle 2', 'CreatedAt 2', 'Description 2', 1, 'Title 2', 'UpdatedAt 2');
INSERT INTO  DomainDamageType(AbbreviatedTitle, CreatedAt, Description, IsActive, Title, UpdatedAt) VALUES('AbbreviatedTitle 3', 'CreatedAt 3', 'Description 3', 1, 'Title 3', 'UpdatedAt 3');
INSERT INTO  DomainDamageType(AbbreviatedTitle, CreatedAt, Description, IsActive, Title, UpdatedAt) VALUES('AbbreviatedTitle 4', 'CreatedAt 4', 'Description 4', 1, 'Title 4', 'UpdatedAt 4');
INSERT INTO  DomainDamageType(AbbreviatedTitle, CreatedAt, Description, IsActive, Title, UpdatedAt) VALUES('AbbreviatedTitle 5', 'CreatedAt 5', 'Description 5', 1, 'Title 5', 'UpdatedAt 5');
INSERT INTO  DomainDice(AbbreviatedTitle, CreatedAt, Description, IsActive, Maximum, Minimum, Title, UpdatedAt) VALUES('AbbreviatedTitle 0', 'CreatedAt 0', 'Description 0', 1, 0.0, 0.0, 'Title 0', 'UpdatedAt 0');
INSERT INTO  DomainDice(AbbreviatedTitle, CreatedAt, Description, IsActive, Maximum, Minimum, Title, UpdatedAt) VALUES('AbbreviatedTitle 1', 'CreatedAt 1', 'Description 1', 1, 1.0, 1.0, 'Title 1', 'UpdatedAt 1');
INSERT INTO  DomainDice(AbbreviatedTitle, CreatedAt, Description, IsActive, Maximum, Minimum, Title, UpdatedAt) VALUES('AbbreviatedTitle 2', 'CreatedAt 2', 'Description 2', 1, 2.0, 2.0, 'Title 2', 'UpdatedAt 2');
INSERT INTO  DomainDice(AbbreviatedTitle, CreatedAt, Description, IsActive, Maximum, Minimum, Title, UpdatedAt) VALUES('AbbreviatedTitle 3', 'CreatedAt 3', 'Description 3', 1, 3.0, 3.0, 'Title 3', 'UpdatedAt 3');
INSERT INTO  DomainDice(AbbreviatedTitle, CreatedAt, Description, IsActive, Maximum, Minimum, Title, UpdatedAt) VALUES('AbbreviatedTitle 4', 'CreatedAt 4', 'Description 4', 1, 4.0, 4.0, 'Title 4', 'UpdatedAt 4');
INSERT INTO  DomainDice(AbbreviatedTitle, CreatedAt, Description, IsActive, Maximum, Minimum, Title, UpdatedAt) VALUES('AbbreviatedTitle 5', 'CreatedAt 5', 'Description 5', 1, 5.0, 5.0, 'Title 5', 'UpdatedAt 5');
INSERT INTO  DomainDiceRollSubType(AbbreviatedTitle, CreatedAt, Description, IsActive, Title, UpdatedAt, SuperType__DomainDiceRollType) VALUES('AbbreviatedTitle 0', 'CreatedAt 0', 'Description 0', 1, 'Title 0', 'UpdatedAt 0', 1);
INSERT INTO  DomainDiceRollSubType(AbbreviatedTitle, CreatedAt, Description, IsActive, Title, UpdatedAt, SuperType__DomainDiceRollType) VALUES('AbbreviatedTitle 1', 'CreatedAt 1', 'Description 1', 1, 'Title 1', 'UpdatedAt 1', 1);
INSERT INTO  DomainDiceRollSubType(AbbreviatedTitle, CreatedAt, Description, IsActive, Title, UpdatedAt, SuperType__DomainDiceRollType) VALUES('AbbreviatedTitle 2', 'CreatedAt 2', 'Description 2', 1, 'Title 2', 'UpdatedAt 2', 1);
INSERT INTO  DomainDiceRollSubType(AbbreviatedTitle, CreatedAt, Description, IsActive, Title, UpdatedAt, SuperType__DomainDiceRollType) VALUES('AbbreviatedTitle 3', 'CreatedAt 3', 'Description 3', 1, 'Title 3', 'UpdatedAt 3', 1);
INSERT INTO  DomainDiceRollSubType(AbbreviatedTitle, CreatedAt, Description, IsActive, Title, UpdatedAt, SuperType__DomainDiceRollType) VALUES('AbbreviatedTitle 4', 'CreatedAt 4', 'Description 4', 1, 'Title 4', 'UpdatedAt 4', 1);
INSERT INTO  DomainDiceRollSubType(AbbreviatedTitle, CreatedAt, Description, IsActive, Title, UpdatedAt, SuperType__DomainDiceRollType) VALUES('AbbreviatedTitle 5', 'CreatedAt 5', 'Description 5', 1, 'Title 5', 'UpdatedAt 5', 1);
INSERT INTO  DomainDiceRollType(AbbreviatedTitle, CreatedAt, Description, IsActive, Title, UpdatedAt) VALUES('AbbreviatedTitle 0', 'CreatedAt 0', 'Description 0', 1, 'Title 0', 'UpdatedAt 0');
INSERT INTO  DomainDiceRollType(AbbreviatedTitle, CreatedAt, Description, IsActive, Title, UpdatedAt) VALUES('AbbreviatedTitle 1', 'CreatedAt 1', 'Description 1', 1, 'Title 1', 'UpdatedAt 1');
INSERT INTO  DomainDiceRollType(AbbreviatedTitle, CreatedAt, Description, IsActive, Title, UpdatedAt) VALUES('AbbreviatedTitle 2', 'CreatedAt 2', 'Description 2', 1, 'Title 2', 'UpdatedAt 2');
INSERT INTO  DomainDiceRollType(AbbreviatedTitle, CreatedAt, Description, IsActive, Title, UpdatedAt) VALUES('AbbreviatedTitle 3', 'CreatedAt 3', 'Description 3', 1, 'Title 3', 'UpdatedAt 3');
INSERT INTO  DomainDiceRollType(AbbreviatedTitle, CreatedAt, Description, IsActive, Title, UpdatedAt) VALUES('AbbreviatedTitle 4', 'CreatedAt 4', 'Description 4', 1, 'Title 4', 'UpdatedAt 4');
INSERT INTO  DomainDiceRollType(AbbreviatedTitle, CreatedAt, Description, IsActive, Title, UpdatedAt) VALUES('AbbreviatedTitle 5', 'CreatedAt 5', 'Description 5', 1, 'Title 5', 'UpdatedAt 5');
INSERT INTO  DomainItem(AbbreviatedTitle, CreatedAt, CustomEffectText, Description, IsActive, Title, UpdatedAt, OneHanded__Quantifier, TwoHanded__Quantifier) VALUES('AbbreviatedTitle 0', 'CreatedAt 0', 'CustomEffectText 0', 'Description 0', 1, 'Title 0', 'UpdatedAt 0', 1, 1);
INSERT INTO  DomainItem(AbbreviatedTitle, CreatedAt, CustomEffectText, Description, IsActive, Title, UpdatedAt, OneHanded__Quantifier, TwoHanded__Quantifier) VALUES('AbbreviatedTitle 1', 'CreatedAt 1', 'CustomEffectText 1', 'Description 1', 1, 'Title 1', 'UpdatedAt 1', 1, 1);
INSERT INTO  DomainItem(AbbreviatedTitle, CreatedAt, CustomEffectText, Description, IsActive, Title, UpdatedAt, OneHanded__Quantifier, TwoHanded__Quantifier) VALUES('AbbreviatedTitle 2', 'CreatedAt 2', 'CustomEffectText 2', 'Description 2', 1, 'Title 2', 'UpdatedAt 2', 1, 1);
INSERT INTO  DomainItem(AbbreviatedTitle, CreatedAt, CustomEffectText, Description, IsActive, Title, UpdatedAt, OneHanded__Quantifier, TwoHanded__Quantifier) VALUES('AbbreviatedTitle 3', 'CreatedAt 3', 'CustomEffectText 3', 'Description 3', 1, 'Title 3', 'UpdatedAt 3', 1, 1);
INSERT INTO  DomainItem(AbbreviatedTitle, CreatedAt, CustomEffectText, Description, IsActive, Title, UpdatedAt, OneHanded__Quantifier, TwoHanded__Quantifier) VALUES('AbbreviatedTitle 4', 'CreatedAt 4', 'CustomEffectText 4', 'Description 4', 1, 'Title 4', 'UpdatedAt 4', 1, 1);
INSERT INTO  DomainItem(AbbreviatedTitle, CreatedAt, CustomEffectText, Description, IsActive, Title, UpdatedAt, OneHanded__Quantifier, TwoHanded__Quantifier) VALUES('AbbreviatedTitle 5', 'CreatedAt 5', 'CustomEffectText 5', 'Description 5', 1, 'Title 5', 'UpdatedAt 5', 1, 1);
INSERT INTO  DomainSize(AbbreviatedTitle, BaseHexArea, BaseTileArea, CreatedAt, Description, IsActive, SizeOrder, Title, UpdatedAt) VALUES('AbbreviatedTitle 0', 0.0, 0.0, 'CreatedAt 0', 'Description 0', 1, 0.0, 'Title 0', 'UpdatedAt 0');
INSERT INTO  DomainSize(AbbreviatedTitle, BaseHexArea, BaseTileArea, CreatedAt, Description, IsActive, SizeOrder, Title, UpdatedAt) VALUES('AbbreviatedTitle 1', 1.0, 1.0, 'CreatedAt 1', 'Description 1', 1, 1.0, 'Title 1', 'UpdatedAt 1');
INSERT INTO  DomainSize(AbbreviatedTitle, BaseHexArea, BaseTileArea, CreatedAt, Description, IsActive, SizeOrder, Title, UpdatedAt) VALUES('AbbreviatedTitle 2', 2.0, 2.0, 'CreatedAt 2', 'Description 2', 1, 2.0, 'Title 2', 'UpdatedAt 2');
INSERT INTO  DomainSize(AbbreviatedTitle, BaseHexArea, BaseTileArea, CreatedAt, Description, IsActive, SizeOrder, Title, UpdatedAt) VALUES('AbbreviatedTitle 3', 3.0, 3.0, 'CreatedAt 3', 'Description 3', 1, 3.0, 'Title 3', 'UpdatedAt 3');
INSERT INTO  DomainSize(AbbreviatedTitle, BaseHexArea, BaseTileArea, CreatedAt, Description, IsActive, SizeOrder, Title, UpdatedAt) VALUES('AbbreviatedTitle 4', 4.0, 4.0, 'CreatedAt 4', 'Description 4', 1, 4.0, 'Title 4', 'UpdatedAt 4');
INSERT INTO  DomainSize(AbbreviatedTitle, BaseHexArea, BaseTileArea, CreatedAt, Description, IsActive, SizeOrder, Title, UpdatedAt) VALUES('AbbreviatedTitle 5', 5.0, 5.0, 'CreatedAt 5', 'Description 5', 1, 5.0, 'Title 5', 'UpdatedAt 5');
INSERT INTO  DomainSpecies(AbbreviatedTitle, CreatedAt, Description, IsActive, Title, UpdatedAt, CreatureType__DomainCreatureType) VALUES('AbbreviatedTitle 0', 'CreatedAt 0', 'Description 0', 1, 'Title 0', 'UpdatedAt 0', 1);
INSERT INTO  DomainSpecies(AbbreviatedTitle, CreatedAt, Description, IsActive, Title, UpdatedAt, CreatureType__DomainCreatureType) VALUES('AbbreviatedTitle 1', 'CreatedAt 1', 'Description 1', 1, 'Title 1', 'UpdatedAt 1', 1);
INSERT INTO  DomainSpecies(AbbreviatedTitle, CreatedAt, Description, IsActive, Title, UpdatedAt, CreatureType__DomainCreatureType) VALUES('AbbreviatedTitle 2', 'CreatedAt 2', 'Description 2', 1, 'Title 2', 'UpdatedAt 2', 1);
INSERT INTO  DomainSpecies(AbbreviatedTitle, CreatedAt, Description, IsActive, Title, UpdatedAt, CreatureType__DomainCreatureType) VALUES('AbbreviatedTitle 3', 'CreatedAt 3', 'Description 3', 1, 'Title 3', 'UpdatedAt 3', 1);
INSERT INTO  DomainSpecies(AbbreviatedTitle, CreatedAt, Description, IsActive, Title, UpdatedAt, CreatureType__DomainCreatureType) VALUES('AbbreviatedTitle 4', 'CreatedAt 4', 'Description 4', 1, 'Title 4', 'UpdatedAt 4', 1);
INSERT INTO  DomainSpecies(AbbreviatedTitle, CreatedAt, Description, IsActive, Title, UpdatedAt, CreatureType__DomainCreatureType) VALUES('AbbreviatedTitle 5', 'CreatedAt 5', 'Description 5', 1, 'Title 5', 'UpdatedAt 5', 1);
INSERT INTO  DomainSpell(AbbreviatedTitle, ConcentrationRequired, CreatedAt, DayDuration, Description, HasSomaticRequirement, HasVerbalRequirement, HourCastTime, HourDuration, IsAction, IsActive, IsBonusAction, IsCantrip, IsInstantaneous, IsRitual, LastsUntilDispelled, LevelRequirement, MaterialComponent, MinuteCastTime, MinuteDuration, RangeFeet, RangeMiles, RequiresTouch, RoundDuration, TargetsSelf, Title, UpdatedAt, DamageScaling__DomainDice, School__DomainSpellSchool) VALUES('AbbreviatedTitle 0', 1, 'CreatedAt 0', 0.0, 'Description 0', 1, 1, 0.0, 0.0, 1, 1, 1, 1, 1, 1, 1, 0.0, 'MaterialComponent 0', 0.0, 0.0, 0.0, 0.0, 1, 0.0, 1, 'Title 0', 'UpdatedAt 0', 1, 1);
INSERT INTO  DomainSpell(AbbreviatedTitle, ConcentrationRequired, CreatedAt, DayDuration, Description, HasSomaticRequirement, HasVerbalRequirement, HourCastTime, HourDuration, IsAction, IsActive, IsBonusAction, IsCantrip, IsInstantaneous, IsRitual, LastsUntilDispelled, LevelRequirement, MaterialComponent, MinuteCastTime, MinuteDuration, RangeFeet, RangeMiles, RequiresTouch, RoundDuration, TargetsSelf, Title, UpdatedAt, DamageScaling__DomainDice, School__DomainSpellSchool) VALUES('AbbreviatedTitle 1', 1, 'CreatedAt 1', 1.0, 'Description 1', 1, 1, 1.0, 1.0, 1, 1, 1, 1, 1, 1, 1, 1.0, 'MaterialComponent 1', 1.0, 1.0, 1.0, 1.0, 1, 1.0, 1, 'Title 1', 'UpdatedAt 1', 1, 1);
INSERT INTO  DomainSpell(AbbreviatedTitle, ConcentrationRequired, CreatedAt, DayDuration, Description, HasSomaticRequirement, HasVerbalRequirement, HourCastTime, HourDuration, IsAction, IsActive, IsBonusAction, IsCantrip, IsInstantaneous, IsRitual, LastsUntilDispelled, LevelRequirement, MaterialComponent, MinuteCastTime, MinuteDuration, RangeFeet, RangeMiles, RequiresTouch, RoundDuration, TargetsSelf, Title, UpdatedAt, DamageScaling__DomainDice, School__DomainSpellSchool) VALUES('AbbreviatedTitle 2', 1, 'CreatedAt 2', 2.0, 'Description 2', 1, 1, 2.0, 2.0, 1, 1, 1, 1, 1, 1, 1, 2.0, 'MaterialComponent 2', 2.0, 2.0, 2.0, 2.0, 1, 2.0, 1, 'Title 2', 'UpdatedAt 2', 1, 1);
INSERT INTO  DomainSpell(AbbreviatedTitle, ConcentrationRequired, CreatedAt, DayDuration, Description, HasSomaticRequirement, HasVerbalRequirement, HourCastTime, HourDuration, IsAction, IsActive, IsBonusAction, IsCantrip, IsInstantaneous, IsRitual, LastsUntilDispelled, LevelRequirement, MaterialComponent, MinuteCastTime, MinuteDuration, RangeFeet, RangeMiles, RequiresTouch, RoundDuration, TargetsSelf, Title, UpdatedAt, DamageScaling__DomainDice, School__DomainSpellSchool) VALUES('AbbreviatedTitle 3', 1, 'CreatedAt 3', 3.0, 'Description 3', 1, 1, 3.0, 3.0, 1, 1, 1, 1, 1, 1, 1, 3.0, 'MaterialComponent 3', 3.0, 3.0, 3.0, 3.0, 1, 3.0, 1, 'Title 3', 'UpdatedAt 3', 1, 1);
INSERT INTO  DomainSpell(AbbreviatedTitle, ConcentrationRequired, CreatedAt, DayDuration, Description, HasSomaticRequirement, HasVerbalRequirement, HourCastTime, HourDuration, IsAction, IsActive, IsBonusAction, IsCantrip, IsInstantaneous, IsRitual, LastsUntilDispelled, LevelRequirement, MaterialComponent, MinuteCastTime, MinuteDuration, RangeFeet, RangeMiles, RequiresTouch, RoundDuration, TargetsSelf, Title, UpdatedAt, DamageScaling__DomainDice, School__DomainSpellSchool) VALUES('AbbreviatedTitle 4', 1, 'CreatedAt 4', 4.0, 'Description 4', 1, 1, 4.0, 4.0, 1, 1, 1, 1, 1, 1, 1, 4.0, 'MaterialComponent 4', 4.0, 4.0, 4.0, 4.0, 1, 4.0, 1, 'Title 4', 'UpdatedAt 4', 1, 1);
INSERT INTO  DomainSpell(AbbreviatedTitle, ConcentrationRequired, CreatedAt, DayDuration, Description, HasSomaticRequirement, HasVerbalRequirement, HourCastTime, HourDuration, IsAction, IsActive, IsBonusAction, IsCantrip, IsInstantaneous, IsRitual, LastsUntilDispelled, LevelRequirement, MaterialComponent, MinuteCastTime, MinuteDuration, RangeFeet, RangeMiles, RequiresTouch, RoundDuration, TargetsSelf, Title, UpdatedAt, DamageScaling__DomainDice, School__DomainSpellSchool) VALUES('AbbreviatedTitle 5', 1, 'CreatedAt 5', 5.0, 'Description 5', 1, 1, 5.0, 5.0, 1, 1, 1, 1, 1, 1, 1, 5.0, 'MaterialComponent 5', 5.0, 5.0, 5.0, 5.0, 1, 5.0, 1, 'Title 5', 'UpdatedAt 5', 1, 1);
INSERT INTO  DomainSpellSchool(AbbreviatedTitle, CreatedAt, Description, IsActive, Title, UpdatedAt) VALUES('AbbreviatedTitle 0', 'CreatedAt 0', 'Description 0', 1, 'Title 0', 'UpdatedAt 0');
INSERT INTO  DomainSpellSchool(AbbreviatedTitle, CreatedAt, Description, IsActive, Title, UpdatedAt) VALUES('AbbreviatedTitle 1', 'CreatedAt 1', 'Description 1', 1, 'Title 1', 'UpdatedAt 1');
INSERT INTO  DomainSpellSchool(AbbreviatedTitle, CreatedAt, Description, IsActive, Title, UpdatedAt) VALUES('AbbreviatedTitle 2', 'CreatedAt 2', 'Description 2', 1, 'Title 2', 'UpdatedAt 2');
INSERT INTO  DomainSpellSchool(AbbreviatedTitle, CreatedAt, Description, IsActive, Title, UpdatedAt) VALUES('AbbreviatedTitle 3', 'CreatedAt 3', 'Description 3', 1, 'Title 3', 'UpdatedAt 3');
INSERT INTO  DomainSpellSchool(AbbreviatedTitle, CreatedAt, Description, IsActive, Title, UpdatedAt) VALUES('AbbreviatedTitle 4', 'CreatedAt 4', 'Description 4', 1, 'Title 4', 'UpdatedAt 4');
INSERT INTO  DomainSpellSchool(AbbreviatedTitle, CreatedAt, Description, IsActive, Title, UpdatedAt) VALUES('AbbreviatedTitle 5', 'CreatedAt 5', 'Description 5', 1, 'Title 5', 'UpdatedAt 5');
INSERT INTO  DomainStaticEffect(AbbreviatedTitle, CreatedAt, Description, IsActive, Title, UpdatedAt) VALUES('AbbreviatedTitle 0', 'CreatedAt 0', 'Description 0', 1, 'Title 0', 'UpdatedAt 0');
INSERT INTO  DomainStaticEffect(AbbreviatedTitle, CreatedAt, Description, IsActive, Title, UpdatedAt) VALUES('AbbreviatedTitle 1', 'CreatedAt 1', 'Description 1', 1, 'Title 1', 'UpdatedAt 1');
INSERT INTO  DomainStaticEffect(AbbreviatedTitle, CreatedAt, Description, IsActive, Title, UpdatedAt) VALUES('AbbreviatedTitle 2', 'CreatedAt 2', 'Description 2', 1, 'Title 2', 'UpdatedAt 2');
INSERT INTO  DomainStaticEffect(AbbreviatedTitle, CreatedAt, Description, IsActive, Title, UpdatedAt) VALUES('AbbreviatedTitle 3', 'CreatedAt 3', 'Description 3', 1, 'Title 3', 'UpdatedAt 3');
INSERT INTO  DomainStaticEffect(AbbreviatedTitle, CreatedAt, Description, IsActive, Title, UpdatedAt) VALUES('AbbreviatedTitle 4', 'CreatedAt 4', 'Description 4', 1, 'Title 4', 'UpdatedAt 4');
INSERT INTO  DomainStaticEffect(AbbreviatedTitle, CreatedAt, Description, IsActive, Title, UpdatedAt) VALUES('AbbreviatedTitle 5', 'CreatedAt 5', 'Description 5', 1, 'Title 5', 'UpdatedAt 5');
INSERT INTO  DomainSubClass(AbbreviatedTitle, CreatedAt, Description, IsActive, Title, UpdatedAt, Class__DomainClass) VALUES('AbbreviatedTitle 0', 'CreatedAt 0', 'Description 0', 1, 'Title 0', 'UpdatedAt 0', 1);
INSERT INTO  DomainSubClass(AbbreviatedTitle, CreatedAt, Description, IsActive, Title, UpdatedAt, Class__DomainClass) VALUES('AbbreviatedTitle 1', 'CreatedAt 1', 'Description 1', 1, 'Title 1', 'UpdatedAt 1', 1);
INSERT INTO  DomainSubClass(AbbreviatedTitle, CreatedAt, Description, IsActive, Title, UpdatedAt, Class__DomainClass) VALUES('AbbreviatedTitle 2', 'CreatedAt 2', 'Description 2', 1, 'Title 2', 'UpdatedAt 2', 1);
INSERT INTO  DomainSubClass(AbbreviatedTitle, CreatedAt, Description, IsActive, Title, UpdatedAt, Class__DomainClass) VALUES('AbbreviatedTitle 3', 'CreatedAt 3', 'Description 3', 1, 'Title 3', 'UpdatedAt 3', 1);
INSERT INTO  DomainSubClass(AbbreviatedTitle, CreatedAt, Description, IsActive, Title, UpdatedAt, Class__DomainClass) VALUES('AbbreviatedTitle 4', 'CreatedAt 4', 'Description 4', 1, 'Title 4', 'UpdatedAt 4', 1);
INSERT INTO  DomainSubClass(AbbreviatedTitle, CreatedAt, Description, IsActive, Title, UpdatedAt, Class__DomainClass) VALUES('AbbreviatedTitle 5', 'CreatedAt 5', 'Description 5', 1, 'Title 5', 'UpdatedAt 5', 1);
INSERT INTO  EvaluatedConditional(AbbreviatedTitle, CreatedAt, Description, IsActive, Title, UpdatedAt, EvaluatedOnEvent, EvaluatedStatically, Base__Quantifier, IsTrue__DomainCondition, Modifier__Quantifier) VALUES('AbbreviatedTitle 0', 'CreatedAt 0', 'Description 0', 1, 'Title 0', 'UpdatedAt 0', 1, 1, 1, 1, 1);
INSERT INTO  EvaluatedConditional(AbbreviatedTitle, CreatedAt, Description, IsActive, Title, UpdatedAt, EvaluatedOnEvent, EvaluatedStatically, Base__Quantifier, IsTrue__DomainCondition, Modifier__Quantifier) VALUES('AbbreviatedTitle 1', 'CreatedAt 1', 'Description 1', 1, 'Title 1', 'UpdatedAt 1', 1, 1, 1, 1, 1);
INSERT INTO  EvaluatedConditional(AbbreviatedTitle, CreatedAt, Description, IsActive, Title, UpdatedAt, EvaluatedOnEvent, EvaluatedStatically, Base__Quantifier, IsTrue__DomainCondition, Modifier__Quantifier) VALUES('AbbreviatedTitle 2', 'CreatedAt 2', 'Description 2', 1, 'Title 2', 'UpdatedAt 2', 1, 1, 1, 1, 1);
INSERT INTO  EvaluatedConditional(AbbreviatedTitle, CreatedAt, Description, IsActive, Title, UpdatedAt, EvaluatedOnEvent, EvaluatedStatically, Base__Quantifier, IsTrue__DomainCondition, Modifier__Quantifier) VALUES('AbbreviatedTitle 3', 'CreatedAt 3', 'Description 3', 1, 'Title 3', 'UpdatedAt 3', 1, 1, 1, 1, 1);
INSERT INTO  EvaluatedConditional(AbbreviatedTitle, CreatedAt, Description, IsActive, Title, UpdatedAt, EvaluatedOnEvent, EvaluatedStatically, Base__Quantifier, IsTrue__DomainCondition, Modifier__Quantifier) VALUES('AbbreviatedTitle 4', 'CreatedAt 4', 'Description 4', 1, 'Title 4', 'UpdatedAt 4', 1, 1, 1, 1, 1);
INSERT INTO  EvaluatedConditional(AbbreviatedTitle, CreatedAt, Description, IsActive, Title, UpdatedAt, EvaluatedOnEvent, EvaluatedStatically, Base__Quantifier, IsTrue__DomainCondition, Modifier__Quantifier) VALUES('AbbreviatedTitle 5', 'CreatedAt 5', 'Description 5', 1, 'Title 5', 'UpdatedAt 5', 1, 1, 1, 1, 1);
INSERT INTO  Quantifier(AbbreviatedTitle, AppliesAgainstSource, AppliesAgainstSourceForTargetsOnly, AppliesAgainstTargets, AppliesAgainstTargetsForSourceOnly, AppliesToSource, AppliesToTargets, AutomaticCritical, AutomaticFailure, CreatedAt, DeltaPercentage, DeltaQuantity, Description, GivesAction, GivesAdvantage, GivesBonusAction, GivesDisadvantage, GivesResistance, HardSetPercentage, HardSetQuantity, ImpactsMovementAmount, IntoInventory, IsAction, IsActive, IsBonusAction, Level1SpellSlots, Level2SpellSlots, Level3SpellSlots, Level4SpellSlots, Level5SpellSlots, Level6SpellSlots, Level7SpellSlots, Level8SpellSlots, Level9SpellSlots, LevelMaximumRequirement, LevelMinimumRequirement, PreventsApplying, PreventsReceiving, QuantityRestoredOnShortRest, Range, RefreshOnLongRest, RefreshOnShortRest, RemovedOn, Removes, ShouldReplace, TargetMaximum, TargetMinimum, Title, UntilLongRest, UntilShortRest, UpdatedAt, Parent__DomainAction, Parent__DomainClass, Parent__DomainClassTrait, Parent__DomainCondition, Parent__DomainStaticEffect, Parent__DomainSubClass, Target__DomainAction, Target__DomainCharacterStat, Target__DomainCondition, Target__DomainDamageType, Target__DomainDiceRollSubType, Target__DomainDiceRollType, Target__DomainSpell, Target__DomainStaticEffect) VALUES('AbbreviatedTitle 0', 1, 1, 1, 1, 1, 1, 1, 1, 'CreatedAt 0', 0.0, 0.0, 'Description 0', 1, 1, 1, 1, 1, 0.0, 0.0, 1, 1, 1, 1, 1, 0.0, 0.0, 0.0, 0.0, 0.0, 0.0, 0.0, 0.0, 0.0, 0.0, 0.0, 1, 1, 0.0, 0.0, 1, 1, 1, 1, 1, 0.0, 0.0, 'Title 0', 1, 1, 'UpdatedAt 0', 1, 1, 1, 1, 1, 1, 1, 1, 1, 1, 1, 1, 1, 1);
INSERT INTO  Quantifier(AbbreviatedTitle, AppliesAgainstSource, AppliesAgainstSourceForTargetsOnly, AppliesAgainstTargets, AppliesAgainstTargetsForSourceOnly, AppliesToSource, AppliesToTargets, AutomaticCritical, AutomaticFailure, CreatedAt, DeltaPercentage, DeltaQuantity, Description, GivesAction, GivesAdvantage, GivesBonusAction, GivesDisadvantage, GivesResistance, HardSetPercentage, HardSetQuantity, ImpactsMovementAmount, IntoInventory, IsAction, IsActive, IsBonusAction, Level1SpellSlots, Level2SpellSlots, Level3SpellSlots, Level4SpellSlots, Level5SpellSlots, Level6SpellSlots, Level7SpellSlots, Level8SpellSlots, Level9SpellSlots, LevelMaximumRequirement, LevelMinimumRequirement, PreventsApplying, PreventsReceiving, QuantityRestoredOnShortRest, Range, RefreshOnLongRest, RefreshOnShortRest, RemovedOn, Removes, ShouldReplace, TargetMaximum, TargetMinimum, Title, UntilLongRest, UntilShortRest, UpdatedAt, Parent__DomainAction, Parent__DomainClass, Parent__DomainClassTrait, Parent__DomainCondition, Parent__DomainStaticEffect, Parent__DomainSubClass, Target__DomainAction, Target__DomainCharacterStat, Target__DomainCondition, Target__DomainDamageType, Target__DomainDiceRollSubType, Target__DomainDiceRollType, Target__DomainSpell, Target__DomainStaticEffect) VALUES('AbbreviatedTitle 1', 1, 1, 1, 1, 1, 1, 1, 1, 'CreatedAt 1', 1.0, 1.0, 'Description 1', 1, 1, 1, 1, 1, 1.0, 1.0, 1, 1, 1, 1, 1, 1.0, 1.0, 1.0, 1.0, 1.0, 1.0, 1.0, 1.0, 1.0, 1.0, 1.0, 1, 1, 1.0, 1.0, 1, 1, 1, 1, 1, 1.0, 1.0, 'Title 1', 1, 1, 'UpdatedAt 1', 1, 1, 1, 1, 1, 1, 1, 1, 1, 1, 1, 1, 1, 1);
INSERT INTO  Quantifier(AbbreviatedTitle, AppliesAgainstSource, AppliesAgainstSourceForTargetsOnly, AppliesAgainstTargets, AppliesAgainstTargetsForSourceOnly, AppliesToSource, AppliesToTargets, AutomaticCritical, AutomaticFailure, CreatedAt, DeltaPercentage, DeltaQuantity, Description, GivesAction, GivesAdvantage, GivesBonusAction, GivesDisadvantage, GivesResistance, HardSetPercentage, HardSetQuantity, ImpactsMovementAmount, IntoInventory, IsAction, IsActive, IsBonusAction, Level1SpellSlots, Level2SpellSlots, Level3SpellSlots, Level4SpellSlots, Level5SpellSlots, Level6SpellSlots, Level7SpellSlots, Level8SpellSlots, Level9SpellSlots, LevelMaximumRequirement, LevelMinimumRequirement, PreventsApplying, PreventsReceiving, QuantityRestoredOnShortRest, Range, RefreshOnLongRest, RefreshOnShortRest, RemovedOn, Removes, ShouldReplace, TargetMaximum, TargetMinimum, Title, UntilLongRest, UntilShortRest, UpdatedAt, Parent__DomainAction, Parent__DomainClass, Parent__DomainClassTrait, Parent__DomainCondition, Parent__DomainStaticEffect, Parent__DomainSubClass, Target__DomainAction, Target__DomainCharacterStat, Target__DomainCondition, Target__DomainDamageType, Target__DomainDiceRollSubType, Target__DomainDiceRollType, Target__DomainSpell, Target__DomainStaticEffect) VALUES('AbbreviatedTitle 2', 1, 1, 1, 1, 1, 1, 1, 1, 'CreatedAt 2', 2.0, 2.0, 'Description 2', 1, 1, 1, 1, 1, 2.0, 2.0, 1, 1, 1, 1, 1, 2.0, 2.0, 2.0, 2.0, 2.0, 2.0, 2.0, 2.0, 2.0, 2.0, 2.0, 1, 1, 2.0, 2.0, 1, 1, 1, 1, 1, 2.0, 2.0, 'Title 2', 1, 1, 'UpdatedAt 2', 1, 1, 1, 1, 1, 1, 1, 1, 1, 1, 1, 1, 1, 1);
INSERT INTO  Quantifier(AbbreviatedTitle, AppliesAgainstSource, AppliesAgainstSourceForTargetsOnly, AppliesAgainstTargets, AppliesAgainstTargetsForSourceOnly, AppliesToSource, AppliesToTargets, AutomaticCritical, AutomaticFailure, CreatedAt, DeltaPercentage, DeltaQuantity, Description, GivesAction, GivesAdvantage, GivesBonusAction, GivesDisadvantage, GivesResistance, HardSetPercentage, HardSetQuantity, ImpactsMovementAmount, IntoInventory, IsAction, IsActive, IsBonusAction, Level1SpellSlots, Level2SpellSlots, Level3SpellSlots, Level4SpellSlots, Level5SpellSlots, Level6SpellSlots, Level7SpellSlots, Level8SpellSlots, Level9SpellSlots, LevelMaximumRequirement, LevelMinimumRequirement, PreventsApplying, PreventsReceiving, QuantityRestoredOnShortRest, Range, RefreshOnLongRest, RefreshOnShortRest, RemovedOn, Removes, ShouldReplace, TargetMaximum, TargetMinimum, Title, UntilLongRest, UntilShortRest, UpdatedAt, Parent__DomainAction, Parent__DomainClass, Parent__DomainClassTrait, Parent__DomainCondition, Parent__DomainStaticEffect, Parent__DomainSubClass, Target__DomainAction, Target__DomainCharacterStat, Target__DomainCondition, Target__DomainDamageType, Target__DomainDiceRollSubType, Target__DomainDiceRollType, Target__DomainSpell, Target__DomainStaticEffect) VALUES('AbbreviatedTitle 3', 1, 1, 1, 1, 1, 1, 1, 1, 'CreatedAt 3', 3.0, 3.0, 'Description 3', 1, 1, 1, 1, 1, 3.0, 3.0, 1, 1, 1, 1, 1, 3.0, 3.0, 3.0, 3.0, 3.0, 3.0, 3.0, 3.0, 3.0, 3.0, 3.0, 1, 1, 3.0, 3.0, 1, 1, 1, 1, 1, 3.0, 3.0, 'Title 3', 1, 1, 'UpdatedAt 3', 1, 1, 1, 1, 1, 1, 1, 1, 1, 1, 1, 1, 1, 1);
INSERT INTO  Quantifier(AbbreviatedTitle, AppliesAgainstSource, AppliesAgainstSourceForTargetsOnly, AppliesAgainstTargets, AppliesAgainstTargetsForSourceOnly, AppliesToSource, AppliesToTargets, AutomaticCritical, AutomaticFailure, CreatedAt, DeltaPercentage, DeltaQuantity, Description, GivesAction, GivesAdvantage, GivesBonusAction, GivesDisadvantage, GivesResistance, HardSetPercentage, HardSetQuantity, ImpactsMovementAmount, IntoInventory, IsAction, IsActive, IsBonusAction, Level1SpellSlots, Level2SpellSlots, Level3SpellSlots, Level4SpellSlots, Level5SpellSlots, Level6SpellSlots, Level7SpellSlots, Level8SpellSlots, Level9SpellSlots, LevelMaximumRequirement, LevelMinimumRequirement, PreventsApplying, PreventsReceiving, QuantityRestoredOnShortRest, Range, RefreshOnLongRest, RefreshOnShortRest, RemovedOn, Removes, ShouldReplace, TargetMaximum, TargetMinimum, Title, UntilLongRest, UntilShortRest, UpdatedAt, Parent__DomainAction, Parent__DomainClass, Parent__DomainClassTrait, Parent__DomainCondition, Parent__DomainStaticEffect, Parent__DomainSubClass, Target__DomainAction, Target__DomainCharacterStat, Target__DomainCondition, Target__DomainDamageType, Target__DomainDiceRollSubType, Target__DomainDiceRollType, Target__DomainSpell, Target__DomainStaticEffect) VALUES('AbbreviatedTitle 4', 1, 1, 1, 1, 1, 1, 1, 1, 'CreatedAt 4', 4.0, 4.0, 'Description 4', 1, 1, 1, 1, 1, 4.0, 4.0, 1, 1, 1, 1, 1, 4.0, 4.0, 4.0, 4.0, 4.0, 4.0, 4.0, 4.0, 4.0, 4.0, 4.0, 1, 1, 4.0, 4.0, 1, 1, 1, 1, 1, 4.0, 4.0, 'Title 4', 1, 1, 'UpdatedAt 4', 1, 1, 1, 1, 1, 1, 1, 1, 1, 1, 1, 1, 1, 1);
INSERT INTO  Quantifier(AbbreviatedTitle, AppliesAgainstSource, AppliesAgainstSourceForTargetsOnly, AppliesAgainstTargets, AppliesAgainstTargetsForSourceOnly, AppliesToSource, AppliesToTargets, AutomaticCritical, AutomaticFailure, CreatedAt, DeltaPercentage, DeltaQuantity, Description, GivesAction, GivesAdvantage, GivesBonusAction, GivesDisadvantage, GivesResistance, HardSetPercentage, HardSetQuantity, ImpactsMovementAmount, IntoInventory, IsAction, IsActive, IsBonusAction, Level1SpellSlots, Level2SpellSlots, Level3SpellSlots, Level4SpellSlots, Level5SpellSlots, Level6SpellSlots, Level7SpellSlots, Level8SpellSlots, Level9SpellSlots, LevelMaximumRequirement, LevelMinimumRequirement, PreventsApplying, PreventsReceiving, QuantityRestoredOnShortRest, Range, RefreshOnLongRest, RefreshOnShortRest, RemovedOn, Removes, ShouldReplace, TargetMaximum, TargetMinimum, Title, UntilLongRest, UntilShortRest, UpdatedAt, Parent__DomainAction, Parent__DomainClass, Parent__DomainClassTrait, Parent__DomainCondition, Parent__DomainStaticEffect, Parent__DomainSubClass, Target__DomainAction, Target__DomainCharacterStat, Target__DomainCondition, Target__DomainDamageType, Target__DomainDiceRollSubType, Target__DomainDiceRollType, Target__DomainSpell, Target__DomainStaticEffect) VALUES('AbbreviatedTitle 5', 1, 1, 1, 1, 1, 1, 1, 1, 'CreatedAt 5', 5.0, 5.0, 'Description 5', 1, 1, 1, 1, 1, 5.0, 5.0, 1, 1, 1, 1, 1, 5.0, 5.0, 5.0, 5.0, 5.0, 5.0, 5.0, 5.0, 5.0, 5.0, 5.0, 1, 1, 5.0, 5.0, 1, 1, 1, 1, 1, 5.0, 5.0, 'Title 5', 1, 1, 'UpdatedAt 5', 1, 1, 1, 1, 1, 1, 1, 1, 1, 1, 1, 1, 1, 1);
INSERT INTO  QuantifierConditionalMap(AbbreviatedTitle, Description, IsActive, Title, Base__Quantifier, IsTrue__DomainCondition, Modifier__Quantifier) VALUES('AbbreviatedTitle 0', 'Description 0', 1, 'Title 0', 1, 1, 1);
INSERT INTO  QuantifierConditionalMap(AbbreviatedTitle, Description, IsActive, Title, Base__Quantifier, IsTrue__DomainCondition, Modifier__Quantifier) VALUES('AbbreviatedTitle 1', 'Description 1', 1, 'Title 1', 1, 1, 1);
INSERT INTO  QuantifierConditionalMap(AbbreviatedTitle, Description, IsActive, Title, Base__Quantifier, IsTrue__DomainCondition, Modifier__Quantifier) VALUES('AbbreviatedTitle 2', 'Description 2', 1, 'Title 2', 1, 1, 1);
INSERT INTO  QuantifierConditionalMap(AbbreviatedTitle, Description, IsActive, Title, Base__Quantifier, IsTrue__DomainCondition, Modifier__Quantifier) VALUES('AbbreviatedTitle 3', 'Description 3', 1, 'Title 3', 1, 1, 1);
INSERT INTO  QuantifierConditionalMap(AbbreviatedTitle, Description, IsActive, Title, Base__Quantifier, IsTrue__DomainCondition, Modifier__Quantifier) VALUES('AbbreviatedTitle 4', 'Description 4', 1, 'Title 4', 1, 1, 1);
INSERT INTO  QuantifierConditionalMap(AbbreviatedTitle, Description, IsActive, Title, Base__Quantifier, IsTrue__DomainCondition, Modifier__Quantifier) VALUES('AbbreviatedTitle 5', 'Description 5', 1, 'Title 5', 1, 1, 1);
INSERT INTO  User(AbbreviatedTitle, CreatedAt, Description, IsActive, Title, UpdatedAt) VALUES('AbbreviatedTitle 0', 'CreatedAt 0', 'Description 0', 1, 'Title 0', 'UpdatedAt 0');
INSERT INTO  User(AbbreviatedTitle, CreatedAt, Description, IsActive, Title, UpdatedAt) VALUES('AbbreviatedTitle 1', 'CreatedAt 1', 'Description 1', 1, 'Title 1', 'UpdatedAt 1');
INSERT INTO  User(AbbreviatedTitle, CreatedAt, Description, IsActive, Title, UpdatedAt) VALUES('AbbreviatedTitle 2', 'CreatedAt 2', 'Description 2', 1, 'Title 2', 'UpdatedAt 2');
INSERT INTO  User(AbbreviatedTitle, CreatedAt, Description, IsActive, Title, UpdatedAt) VALUES('AbbreviatedTitle 3', 'CreatedAt 3', 'Description 3', 1, 'Title 3', 'UpdatedAt 3');
INSERT INTO  User(AbbreviatedTitle, CreatedAt, Description, IsActive, Title, UpdatedAt) VALUES('AbbreviatedTitle 4', 'CreatedAt 4', 'Description 4', 1, 'Title 4', 'UpdatedAt 4');
INSERT INTO  User(AbbreviatedTitle, CreatedAt, Description, IsActive, Title, UpdatedAt) VALUES('AbbreviatedTitle 5', 'CreatedAt 5', 'Description 5', 1, 'Title 5', 'UpdatedAt 5');
