INSERT INTO  Campaign(Description, IsActive, Title, ) VALUES('Description 0', 1, 'Title 0', );
INSERT INTO  Campaign(Description, IsActive, Title, ) VALUES('Description 1', 1, 'Title 1', );
INSERT INTO  Campaign(Description, IsActive, Title, ) VALUES('Description 2', 1, 'Title 2', );
INSERT INTO  Character(Description, IsActive, Title, , CampaignCampaign, CurrentSizeDomainSize, SpeciesDomainSpecies, SubclassDomainSubClass) VALUES('Description 0', 1, 'Title 0', , 1, 1, 1, 1);
INSERT INTO  Character(Description, IsActive, Title, , CampaignCampaign, CurrentSizeDomainSize, SpeciesDomainSpecies, SubclassDomainSubClass) VALUES('Description 1', 1, 'Title 1', , 1, 1, 1, 1);
INSERT INTO  Character(Description, IsActive, Title, , CampaignCampaign, CurrentSizeDomainSize, SpeciesDomainSpecies, SubclassDomainSubClass) VALUES('Description 2', 1, 'Title 2', , 1, 1, 1, 1);
INSERT INTO  CharacterDomainCharacterStatInstance(Description, IsActive, Title, , CharacterCharacter, StatInstanceDomainCharacterStat) VALUES('Description 0', 1, 'Title 0', , 1, 1);
INSERT INTO  CharacterDomainCharacterStatInstance(Description, IsActive, Title, , CharacterCharacter, StatInstanceDomainCharacterStat) VALUES('Description 1', 1, 'Title 1', , 1, 1);
INSERT INTO  CharacterDomainCharacterStatInstance(Description, IsActive, Title, , CharacterCharacter, StatInstanceDomainCharacterStat) VALUES('Description 2', 1, 'Title 2', , 1, 1);
INSERT INTO  DomainAction(Description, IsActive, Title, UsesAction, UsesBonusAction, ) VALUES('Description 0', 1, 'Title 0', 1, 1, );
INSERT INTO  DomainAction(Description, IsActive, Title, UsesAction, UsesBonusAction, ) VALUES('Description 1', 1, 'Title 1', 1, 1, );
INSERT INTO  DomainAction(Description, IsActive, Title, UsesAction, UsesBonusAction, ) VALUES('Description 2', 1, 'Title 2', 1, 1, );
INSERT INTO  DomainCharacterStat(Description, IsActive, Title, UsesAction, UsesBonusAction, ) VALUES('Description 0', 1, 'Title 0', 1, 1, );
INSERT INTO  DomainCharacterStat(Description, IsActive, Title, UsesAction, UsesBonusAction, ) VALUES('Description 1', 1, 'Title 1', 1, 1, );
INSERT INTO  DomainCharacterStat(Description, IsActive, Title, UsesAction, UsesBonusAction, ) VALUES('Description 2', 1, 'Title 2', 1, 1, );
INSERT INTO  DomainClass(Description, IsActive, Title, , HitDieDomainDice, SpellcastingStatDomainCharacterStat) VALUES('Description 0', 1, 'Title 0', , 1, 1);
INSERT INTO  DomainClass(Description, IsActive, Title, , HitDieDomainDice, SpellcastingStatDomainCharacterStat) VALUES('Description 1', 1, 'Title 1', , 1, 1);
INSERT INTO  DomainClass(Description, IsActive, Title, , HitDieDomainDice, SpellcastingStatDomainCharacterStat) VALUES('Description 2', 1, 'Title 2', , 1, 1);
INSERT INTO  DomainCondition(Description, IsActive, Title, ) VALUES('Description 0', 1, 'Title 0', );
INSERT INTO  DomainCondition(Description, IsActive, Title, ) VALUES('Description 1', 1, 'Title 1', );
INSERT INTO  DomainCondition(Description, IsActive, Title, ) VALUES('Description 2', 1, 'Title 2', );
INSERT INTO  DomainCreatureType(Description, IsActive, Title, ) VALUES('Description 0', 1, 'Title 0', );
INSERT INTO  DomainCreatureType(Description, IsActive, Title, ) VALUES('Description 1', 1, 'Title 1', );
INSERT INTO  DomainCreatureType(Description, IsActive, Title, ) VALUES('Description 2', 1, 'Title 2', );
INSERT INTO  DomainDamageType(Description, IsActive, Title, ) VALUES('Description 0', 1, 'Title 0', );
INSERT INTO  DomainDamageType(Description, IsActive, Title, ) VALUES('Description 1', 1, 'Title 1', );
INSERT INTO  DomainDamageType(Description, IsActive, Title, ) VALUES('Description 2', 1, 'Title 2', );
INSERT INTO  DomainDice(Description, IsActive, Maximum, Minimum, Title, ) VALUES('Description 0', 1, 0.0, 0.0, 'Title 0', );
INSERT INTO  DomainDice(Description, IsActive, Maximum, Minimum, Title, ) VALUES('Description 1', 1, 1.0, 1.0, 'Title 1', );
INSERT INTO  DomainDice(Description, IsActive, Maximum, Minimum, Title, ) VALUES('Description 2', 1, 2.0, 2.0, 'Title 2', );
INSERT INTO  DomainDiceRollType(Description, IsActive, Title, ) VALUES('Description 0', 1, 'Title 0', );
INSERT INTO  DomainDiceRollType(Description, IsActive, Title, ) VALUES('Description 1', 1, 'Title 1', );
INSERT INTO  DomainDiceRollType(Description, IsActive, Title, ) VALUES('Description 2', 1, 'Title 2', );
INSERT INTO  DomainItem(CustomEffectText, Description, IsActive, OneHandedQuantifier, Title, TwoHandedQuantifier, ) VALUES('CustomEffectText 0', 'Description 0', 1, 0.0, 'Title 0', 0.0, );
INSERT INTO  DomainItem(CustomEffectText, Description, IsActive, OneHandedQuantifier, Title, TwoHandedQuantifier, ) VALUES('CustomEffectText 1', 'Description 1', 1, 1.0, 'Title 1', 1.0, );
INSERT INTO  DomainItem(CustomEffectText, Description, IsActive, OneHandedQuantifier, Title, TwoHandedQuantifier, ) VALUES('CustomEffectText 2', 'Description 2', 1, 2.0, 'Title 2', 2.0, );
INSERT INTO  DomainSize(BaseHexArea, BaseTileArea, Description, IsActive, SizeOrder, Title, ) VALUES(0.0, 0.0, 'Description 0', 1, 0.0, 'Title 0', );
INSERT INTO  DomainSize(BaseHexArea, BaseTileArea, Description, IsActive, SizeOrder, Title, ) VALUES(1.0, 1.0, 'Description 1', 1, 1.0, 'Title 1', );
INSERT INTO  DomainSize(BaseHexArea, BaseTileArea, Description, IsActive, SizeOrder, Title, ) VALUES(2.0, 2.0, 'Description 2', 1, 2.0, 'Title 2', );
INSERT INTO  DomainSpecies(Description, IsActive, Title, , CreatureTypeDomainCreatureType) VALUES('Description 0', 1, 'Title 0', , 1);
INSERT INTO  DomainSpecies(Description, IsActive, Title, , CreatureTypeDomainCreatureType) VALUES('Description 1', 1, 'Title 1', , 1);
INSERT INTO  DomainSpecies(Description, IsActive, Title, , CreatureTypeDomainCreatureType) VALUES('Description 2', 1, 'Title 2', , 1);
INSERT INTO  DomainSpell(ConcentrationRequired, Description, HourCastTime, HourDuration, IsAction, IsActive, IsBonusAction, IsCantrip, IsMelee, IsRanged, IsRitual, Level, MaterialComponent, MinuteCastTime, RoundDuration, SomaticComponent, Title, VerbalComponent, , DamageScalingDomainDice, SchoolDomainSpellSchool) VALUES(1, 'Description 0', 0.0, 0.0, 1, 1, 1, 1, 1, 1, 1, 0.0, 'MaterialComponent 0', 0.0, 0.0, 'SomaticComponent 0', 'Title 0', 'VerbalComponent 0', , 1, 1);
INSERT INTO  DomainSpell(ConcentrationRequired, Description, HourCastTime, HourDuration, IsAction, IsActive, IsBonusAction, IsCantrip, IsMelee, IsRanged, IsRitual, Level, MaterialComponent, MinuteCastTime, RoundDuration, SomaticComponent, Title, VerbalComponent, , DamageScalingDomainDice, SchoolDomainSpellSchool) VALUES(1, 'Description 1', 1.0, 1.0, 1, 1, 1, 1, 1, 1, 1, 1.0, 'MaterialComponent 1', 1.0, 1.0, 'SomaticComponent 1', 'Title 1', 'VerbalComponent 1', , 1, 1);
INSERT INTO  DomainSpell(ConcentrationRequired, Description, HourCastTime, HourDuration, IsAction, IsActive, IsBonusAction, IsCantrip, IsMelee, IsRanged, IsRitual, Level, MaterialComponent, MinuteCastTime, RoundDuration, SomaticComponent, Title, VerbalComponent, , DamageScalingDomainDice, SchoolDomainSpellSchool) VALUES(1, 'Description 2', 2.0, 2.0, 1, 1, 1, 1, 1, 1, 1, 2.0, 'MaterialComponent 2', 2.0, 2.0, 'SomaticComponent 2', 'Title 2', 'VerbalComponent 2', , 1, 1);
INSERT INTO  DomainSpellSchool(Description, IsActive, Title, ) VALUES('Description 0', 1, 'Title 0', );
INSERT INTO  DomainSpellSchool(Description, IsActive, Title, ) VALUES('Description 1', 1, 'Title 1', );
INSERT INTO  DomainSpellSchool(Description, IsActive, Title, ) VALUES('Description 2', 1, 'Title 2', );
INSERT INTO  DomainStaticEffect(Description, IsActive, Title, ) VALUES('Description 0', 1, 'Title 0', );
INSERT INTO  DomainStaticEffect(Description, IsActive, Title, ) VALUES('Description 1', 1, 'Title 1', );
INSERT INTO  DomainStaticEffect(Description, IsActive, Title, ) VALUES('Description 2', 1, 'Title 2', );
INSERT INTO  DomainSubClass(Description, IsActive, Title, , ParentClassDomainClass) VALUES('Description 0', 1, 'Title 0', , 1);
INSERT INTO  DomainSubClass(Description, IsActive, Title, , ParentClassDomainClass) VALUES('Description 1', 1, 'Title 1', , 1);
INSERT INTO  DomainSubClass(Description, IsActive, Title, , ParentClassDomainClass) VALUES('Description 2', 1, 'Title 2', , 1);
INSERT INTO  Quantifier(Delta, Description, ImpactsSelf, IntoInventory, IsAction, IsActive, IsBonusAction, Level1SpellSlots, Level2SpellSlots, Level3SpellSlots, Level4SpellSlots, Level5SpellSlots, Level6SpellSlots, Level7SpellSlots, Level8SpellSlots, Level9SpellSlots, LevelMaximumRequirement, LevelMinimumRequirement, Quantity, RefreshOnLongRest, RefreshOnShortRest, Title, UntilLongRest, UntilShortRest, , AddedSpellDomainSpell, ConditionDomainCondition, DamageTypeDomainDamageType, EffectDomainStaticEffect, ResistanceTypeDomainDamageType, SaveDomainCharacterStat, TargetDomainCharacterStat) VALUES(0.0, 'Description 0', 1, 1, 1, 1, 1, 0.0, 0.0, 0.0, 0.0, 0.0, 0.0, 0.0, 0.0, 0.0, 0.0, 0.0, 0.0, 1, 1, 'Title 0', 1, 1, , 1, 1, 1, 1, 1, 1, 1);
INSERT INTO  Quantifier(Delta, Description, ImpactsSelf, IntoInventory, IsAction, IsActive, IsBonusAction, Level1SpellSlots, Level2SpellSlots, Level3SpellSlots, Level4SpellSlots, Level5SpellSlots, Level6SpellSlots, Level7SpellSlots, Level8SpellSlots, Level9SpellSlots, LevelMaximumRequirement, LevelMinimumRequirement, Quantity, RefreshOnLongRest, RefreshOnShortRest, Title, UntilLongRest, UntilShortRest, , AddedSpellDomainSpell, ConditionDomainCondition, DamageTypeDomainDamageType, EffectDomainStaticEffect, ResistanceTypeDomainDamageType, SaveDomainCharacterStat, TargetDomainCharacterStat) VALUES(1.0, 'Description 1', 1, 1, 1, 1, 1, 1.0, 1.0, 1.0, 1.0, 1.0, 1.0, 1.0, 1.0, 1.0, 1.0, 1.0, 1.0, 1, 1, 'Title 1', 1, 1, , 1, 1, 1, 1, 1, 1, 1);
INSERT INTO  Quantifier(Delta, Description, ImpactsSelf, IntoInventory, IsAction, IsActive, IsBonusAction, Level1SpellSlots, Level2SpellSlots, Level3SpellSlots, Level4SpellSlots, Level5SpellSlots, Level6SpellSlots, Level7SpellSlots, Level8SpellSlots, Level9SpellSlots, LevelMaximumRequirement, LevelMinimumRequirement, Quantity, RefreshOnLongRest, RefreshOnShortRest, Title, UntilLongRest, UntilShortRest, , AddedSpellDomainSpell, ConditionDomainCondition, DamageTypeDomainDamageType, EffectDomainStaticEffect, ResistanceTypeDomainDamageType, SaveDomainCharacterStat, TargetDomainCharacterStat) VALUES(2.0, 'Description 2', 1, 1, 1, 1, 1, 2.0, 2.0, 2.0, 2.0, 2.0, 2.0, 2.0, 2.0, 2.0, 2.0, 2.0, 2.0, 1, 1, 'Title 2', 1, 1, , 1, 1, 1, 1, 1, 1, 1);
